"yr"	"mean_fluor"	"max_fluor"	"rain"	"mix_sal"	"ctd_temp"	"ctd_oxy"	"ctd_turb"
2019	1.748721	3.565	3.105	31.14992	9.296467	0.6345105	1.496704
2020	1.31729	3.38832	1.6775	30.93664	9.184763	0.2830011	NA
2021	1.347998	2.603949	2.7375	31.45	8.819719	0.6999938	0.1301967
2022	1.049857	2.766995	3.4225	30.52411	8.517036	0.6671266	0.1010116
2023	0.9414324	1.8907	1.975	30.52692	8.722148	0.6329027	4.909176
